{
  "ProfileController" : {
    "transaction" : "ProfileController",
    "sampleCount" : 10,
    "errorCount" : 10,
    "errorPct" : 100.0,
    "meanResTime" : 7.9,
    "medianResTime" : 7.5,
    "minResTime" : 3.0,
    "maxResTime" : 13.0,
    "pct1ResTime" : 12.8,
    "pct2ResTime" : 13.0,
    "pct3ResTime" : 13.0,
    "throughput" : 11.086474501108649,
    "receivedKBytesPerSec" : 59.394921008869176,
    "sentKBytesPerSec" : 0.0
  },
  "All Profile" : {
    "transaction" : "All Profile",
    "sampleCount" : 10,
    "errorCount" : 10,
    "errorPct" : 100.0,
    "meanResTime" : 5.1000000000000005,
    "medianResTime" : 5.0,
    "minResTime" : 1.0,
    "maxResTime" : 11.0,
    "pct1ResTime" : 10.700000000000001,
    "pct2ResTime" : 11.0,
    "pct3ResTime" : 11.0,
    "throughput" : 11.248593925759279,
    "receivedKBytesPerSec" : 30.131731580427445,
    "sentKBytesPerSec" : 0.0
  },
  "Total" : {
    "transaction" : "Total",
    "sampleCount" : 20,
    "errorCount" : 20,
    "errorPct" : 100.0,
    "meanResTime" : 3.9499999999999997,
    "medianResTime" : 3.0,
    "minResTime" : 1.0,
    "maxResTime" : 11.0,
    "pct1ResTime" : 9.800000000000004,
    "pct2ResTime" : 10.95,
    "pct3ResTime" : 11.0,
    "throughput" : 22.197558268590456,
    "receivedKBytesPerSec" : 59.46084211986681,
    "sentKBytesPerSec" : 0.0
  },
  "Get Profile" : {
    "transaction" : "Get Profile",
    "sampleCount" : 10,
    "errorCount" : 10,
    "errorPct" : 100.0,
    "meanResTime" : 2.8000000000000003,
    "medianResTime" : 2.0,
    "minResTime" : 1.0,
    "maxResTime" : 10.0,
    "pct1ResTime" : 9.300000000000002,
    "pct2ResTime" : 10.0,
    "pct3ResTime" : 10.0,
    "throughput" : 11.135857461024498,
    "receivedKBytesPerSec" : 29.829743179287306,
    "sentKBytesPerSec" : 0.0
  }
}